[
{
  "model": "klub_talk.category",
  "pk": 1,
  "fields": {
    "name": "소설/시/희곡"
  }
},
{
  "model": "klub_talk.category",
  "pk": 2,
  "fields": {
    "name": "인문학"
  }
},
{
  "model": "klub_talk.category",
  "pk": 3,
  "fields": {
    "name": "경제경영"
  }
},
{
  "model": "klub_talk.category",
  "pk": 4,
  "fields": {
    "name": "사회과학"
  }
},
{
  "model": "klub_talk.category",
  "pk": 5,
  "fields": {
    "name": "과학"
  }
},
{
  "model": "klub_talk.category",
  "pk": 6,
  "fields": {
    "name": "에세이"
  }
},
{
  "model": "klub_talk.author",
  "pk": 1,
  "fields": {
    "name": "황석영"
  }
},
{
  "model": "klub_talk.author",
  "pk": 2,
  "fields": {
    "name": "성해나"
  }
},
{
  "model": "klub_talk.author",
  "pk": 3,
  "fields": {
    "name": "최태성"
  }
},
{
  "model": "klub_talk.author",
  "pk": 4,
  "fields": {
    "name": "바오수"
  }
},
{
  "model": "klub_talk.author",
  "pk": 5,
  "fields": {
    "name": "스즈키 유이"
  }
},
{
  "model": "klub_talk.author",
  "pk": 6,
  "fields": {
    "name": "이광수"
  }
},
{
  "model": "klub_talk.author",
  "pk": 7,
  "fields": {
    "name": "박곰희"
  }
},
{
  "model": "klub_talk.author",
  "pk": 8,
  "fields": {
    "name": "구병모"
  }
},
{
  "model": "klub_talk.author",
  "pk": 9,
  "fields": {
    "name": "신박진영, 신그리나, 조안창혜"
  }
},
{
  "model": "klub_talk.author",
  "pk": 10,
  "fields": {
    "name": "연산호"
  }
},
{
  "model": "klub_talk.author",
  "pk": 11,
  "fields": {
    "name": "김애란"
  }
},
{
  "model": "klub_talk.author",
  "pk": 12,
  "fields": {
    "name": "김난도, 전미영, 최지혜"
  }
},
{
  "model": "klub_talk.author",
  "pk": 13,
  "fields": {
    "name": "데일 브레드슨"
  }
},
{
  "model": "klub_talk.author",
  "pk": 14,
  "fields": {
    "name": "양귀자"
  }
},
{
  "model": "klub_talk.author",
  "pk": 15,
  "fields": {
    "name": "프리드리히 니체"
  }
},
{
  "model": "klub_talk.author",
  "pk": 16,
  "fields": {
    "name": "김선형"
  }
},
{
  "model": "klub_talk.author",
  "pk": 17,
  "fields": {
    "name": "제인 오스틴"
  }
},
{
  "model": "klub_talk.author",
  "pk": 18,
  "fields": {
    "name": "박민경, 서장원, 하가람"
  }
},
{
  "model": "klub_talk.author",
  "pk": 19,
  "fields": {
    "name": "데니스 존슨"
  }
},
{
  "model": "klub_talk.author",
  "pk": 20,
  "fields": {
    "name": "솔체"
  }
},
{
  "model": "klub_talk.author",
  "pk": 21,
  "fields": {
    "name": "수전 손택"
  }
},
{
  "model": "klub_talk.author",
  "pk": 22,
  "fields": {
    "name": "법륜"
  }
},
{
  "model": "klub_talk.author",
  "pk": 23,
  "fields": {
    "name": "클레어 키건"
  }
},
{
  "model": "klub_talk.author",
  "pk": 24,
  "fields": {
    "name": "정대건"
  }
},
{
  "model": "klub_talk.author",
  "pk": 25,
  "fields": {
    "name": "한컷"
  }
},
{
  "model": "klub_talk.author",
  "pk": 26,
  "fields": {
    "name": "한로로"
  }
},
{
  "model": "klub_talk.author",
  "pk": 27,
  "fields": {
    "name": "박민규"
  }
},
{
  "model": "klub_talk.author",
  "pk": 28,
  "fields": {
    "name": "태수"
  }
},
{
  "model": "klub_talk.author",
  "pk": 29,
  "fields": {
    "name": "손무"
  }
},
{
  "model": "klub_talk.author",
  "pk": 30,
  "fields": {
    "name": "김금희"
  }
},
{
  "model": "klub_talk.author",
  "pk": 31,
  "fields": {
    "name": "댄 브라운"
  }
},
{
  "model": "klub_talk.author",
  "pk": 32,
  "fields": {
    "name": "한병철"
  }
},
{
  "model": "klub_talk.author",
  "pk": 33,
  "fields": {
    "name": "한강"
  }
},
{
  "model": "klub_talk.book",
  "pk": 1,
  "fields": {
    "aladin_id": "379665189",
    "title": "할매",
    "author_id": 1,
    "publisher": "창비",
    "category_id": 1,
    "pub_date": "2025-12-12",
    "cover_url": "https://image.aladin.co.kr/product/37966/51/cover200/893643988x_1.jpg",
    "description": "한국문학의 가장 높은 산, 만해문학상·대산문학상·에밀 기메 아시아문학상 수상에 빛나는 황석영이 장편소설 『할매』로 돌아왔다. 인터내셔널 부커상 최종후보에 오르며 전세계를 열광시킨 『철도원 삼대』(창비 2020) 이후 5년 만의 신작이다."
  }
},
{
  "model": "klub_talk.book",
  "pk": 2,
  "fields": {
    "aladin_id": "361016676",
    "title": "혼모노",
    "author_id": 2,
    "publisher": "창비",
    "category_id": 1,
    "pub_date": "2025-03-28",
    "cover_url": "https://image.aladin.co.kr/product/36101/66/cover200/k152033655_2.jpg",
    "description": "작품마다 치밀한 취재와 정교한 구성을 바탕으로 한 개성적인 캐릭터와 강렬하고도 서늘한 서사로 평단과 독자의 주목을 고루 받으며 새로운 세대의 리얼리즘을 열어가고 있다 평가받는 작가 성해나가 두번째 소설집 『혼모노』를 선보인다."
  }
},
{
  "model": "klub_talk.book",
  "pk": 3,
  "fields": {
    "aladin_id": "377732124",
    "title": "최소한의 삼국지 - 최태성의 삼국지 고전 특강",
    "author_id": 3,
    "publisher": "프런트페이지",
    "category_id": 2,
    "pub_date": "2025-11-18",
    "cover_url": "https://image.aladin.co.kr/product/37773/21/cover200/k002033562_2.jpg",
    "description": "인생의 필독서로 손꼽히는 ‘삼국지’를 단 한 권으로 정리한 삼국지 입문서. 동양 최고의 고전에 담긴 지혜와 통찰을 쉽고 재미있게 전하기 위해 누적 수강생 700만 명의 명강사 최태성이 나섰다. 방대한 분량과 수많은 등장인물 때문에 시작을 망설였던 사람들을 위해 꼭 알아야 할 핵심 사건과 인물만을 한 권에 담아, 누구나 단숨에 이해할 수 있는 《최소한의 삼국지》를 완성했다."
  }
},
{
  "model": "klub_talk.book",
  "pk": 4,
  "fields": {
    "aladin_id": "377095162",
    "title": "삼체 X : 관상지주",
    "author_id": 4,
    "publisher": "서삼독",
    "category_id": 1,
    "pub_date": "2025-12-24",
    "cover_url": "https://image.aladin.co.kr/product/37709/51/cover200/k682033066_1.jpg",
    "description": "《삼체》 시리즈의 작가 류츠신이 공인한 단 하나의 스핀오프, 《삼체X: 관상지주》가 서삼독에서 출간된다. 원작자 류츠신의 동의를 얻어 출간된 《삼체X》는 중국 베스트셀러가 되었을 뿐 아니라 일본어, 영어, 스페인어, 프랑스어, 독일어, 러시아어 등 10여 개의 언어로 번역되었다."
  }
},
{
  "model": "klub_talk.book",
  "pk": 5,
  "fields": {
    "aladin_id": "376765918",
    "title": "괴테는 모든 것을 말했다 - 제172회 아쿠타가와상 수상작",
    "author_id": 5,
    "publisher": "리프",
    "category_id": 1,
    "pub_date": "2025-11-18",
    "cover_url": "https://image.aladin.co.kr/product/37676/59/cover200/k212032349_2.jpg",
    "description": "23세 대학원생 스즈키 유이의 첫 장편소설로, 제172회 아쿠타가와상을 수상했다. 일본 언론은 그를 움베르토 에코, 칼비노, 보르헤스에 견주며 “일본 문학의 샛별”이라 극찬했다. 스무 살 남짓한 청년이 쓴 이 작품에서는 고전문학의 풍부한 깊이와 신인만의 참신함이 동시에 느껴진다."
  }
},
{
  "model": "klub_talk.book",
  "pk": 6,
  "fields": {
    "aladin_id": "379685661",
    "title": "진보를 위한 주식투자 - 광수네 복덕방, 모두의 투자 이야기",
    "author_id": 6,
    "publisher": "21세기북스",
    "category_id": 3,
    "pub_date": "2025-12-17",
    "cover_url": "https://image.aladin.co.kr/product/37968/56/cover200/k712034767_1.jpg",
    "description": "광수네 복덕방 대표이자 경제 분야의 핵심 ‘진보 패널’로 꼽히는 이광수는 〈뉴스공장〉, 〈매불쇼〉 등 굵직한 시사·경제 채널에서 주식의 본질을 ‘시장 참여’와 ‘주권 행위’로 설명해온 해설자다. 이 책은 그의 메시지를 본격적으로 체계화한 첫 결과물이자, 진보가 자본을 통해 세상을 바꾸기 위해 반드시 알아야 할 원칙과 전략을 담은 첫 안내서다."
  }
},
{
  "model": "klub_talk.book",
  "pk": 7,
  "fields": {
    "aladin_id": "379721322",
    "title": "박곰희 연금 부자 수업 (10만 부 기념 스페셜 에디션) - 4개의 통장으로 월 300만 원 만들기",
    "author_id": 7,
    "publisher": "인플루엔셜(주)",
    "category_id": 3,
    "pub_date": "2025-06-25",
    "cover_url": "https://image.aladin.co.kr/product/37972/13/cover200/k492034866_1.jpg",
    "description": "출간 직후 전 서점 베스트셀러에 등극한 《박곰희 연금 부자 수업》이 6개월 만에 누적 10만 부 돌파를 기념하며 스페셜 에디션을 선보인다. 노후 자산 설계에 대한 전 국민의 관심 속에 ‘연금 투자 입문서’로 자리 잡은 이 책은 ‘개인파산 신청자 86%가 50대 이상’ ‘성인 4명 중 1명 노후 준비 포기’라는 현실적 위기 속에서 누구나 적용할 수 있는 가장 현실적인 대안으로 주목받고 있다."
  }
},
{
  "model": "klub_talk.book",
  "pk": 8,
  "fields": {
    "aladin_id": "371723601",
    "title": "절창",
    "author_id": 8,
    "publisher": "문학동네",
    "category_id": 1,
    "pub_date": "2025-09-17",
    "cover_url": "https://image.aladin.co.kr/product/37172/36/cover200/k662031678_3.jpg",
    "description": "더이상의 수식이 필요치 않은 작가, 그 이름이 하나의 브랜드가 된 구병모의 장편소설 『절창』. 누구보다 드넓은 문학적 영토를 지닌 구병모의 그 어떤 작품을 좋아하는 독자라도 만족시킬 작품이라 할 만하다. 제목인 ‘절창切創’은 ‘베인 상처’라는 뜻으로, 상처에 접촉하는 것으로 상대의 마음을 읽는 한 여성의 이야기를 담고 있다."
  }
},
{
  "model": "klub_talk.book",
  "pk": 9,
  "fields": {
    "aladin_id": "375623486",
    "title": "성매매 뿌리 뽑기 - 세계의 현장에서 발견한 변화의 전략들",
    "author_id": 9,
    "publisher": "봄알람",
    "category_id": 4,
    "pub_date": "2025-12-22",
    "cover_url": "https://image.aladin.co.kr/product/37562/34/cover200/k882034982_2.jpg",
    "description": "당신이 생각하는 ‘성매매 문제’란 무엇인가? 이 책의 공저자인 성매매 경험 당사자 활동가 지음은 이렇게 묻는다. “누구도 ‘착취해도 되는 공간, 착취해도 되는 사람이 정해져 있다’고 생각하지 않는다. 하지만 현실은 다르다. 성구매자들은 ‘저곳에서는 저 여성을 착취해도 된다’고 여기고 이를 목적으로 업소에 간다."
  }
},
{
  "model": "klub_talk.book",
  "pk": 10,
  "fields": {
    "aladin_id": "381035316",
    "title": "어두운 바다의 등불이 되어 세트 (5~8)",
    "author_id": 10,
    "publisher": "비채",
    "category_id": 1,
    "pub_date": "2025-12-23",
    "cover_url": "https://image.aladin.co.kr/product/38103/53/cover200/k932034182_1.jpg",
    "description": "‘SF 어워드’ 웹소설 부문 대상, ‘리디 어워즈’ 판타지 e북 대상을 석권한 《어두운 바다의 등불이 되어》 공식 양장본 완결. 192화부터 결말까지의 본편과 웹에서 공개된 외전 5편이 4권에 나누어 수록되며, 8권 말미 완간을 기념해 연산호 작가가 새로 집필한 특별 외전 &lt;관찰 필요&gt;를 붙였다."
  }
},
{
  "model": "klub_talk.book",
  "pk": 11,
  "fields": {
    "aladin_id": "365665217",
    "title": "안녕이라 그랬어",
    "author_id": 11,
    "publisher": "문학동네",
    "category_id": 1,
    "pub_date": "2025-06-20",
    "cover_url": "https://image.aladin.co.kr/product/36566/52/cover200/k462039240_3.jpg",
    "description": "소설가 김애란이 『바깥은 여름』 이후 팔 년 만에 새 소설집으로 돌아왔다. 2022 김승옥문학상 우수상을 수상한 「홈 파티」와 2022 오영수문학상 수상작인 「좋은 이웃」을 비롯해 총 일곱 편의 단편이 수록되어 있다."
  }
},
{
  "model": "klub_talk.book",
  "pk": 12,
  "fields": {
    "aladin_id": "371447935",
    "title": "트렌드 코리아 2026 - 2026 대한민국 소비트렌드 전망",
    "author_id": 12,
    "publisher": "미래의창",
    "category_id": 3,
    "pub_date": "2025-09-25",
    "cover_url": "https://image.aladin.co.kr/product/37144/79/cover200/k442031479_3.jpg",
    "description": "세상은 작용과 반작용, 치열한 정반합(正反合)의 소용돌이가 거세게 휘몰아치고 있다. 방향을 잡기 어려울 정도로 속도가 빠르고 정신이 없다. 그렇다면 우리의 방향타는 어디에 있는가? 거센 풍랑과 어디서 불어올지 모르는 태풍을 피하기 위해 우리는 어디에 닻을 내리고 있어야 하는가?"
  }
},
{
  "model": "klub_talk.book",
  "pk": 13,
  "fields": {
    "aladin_id": "377956629",
    "title": "늙지 않는 뇌 - 최신 신경과학이 밝힌 평생 또렷한 정신으로 사는 방법",
    "author_id": 13,
    "publisher": "심심",
    "category_id": 5,
    "pub_date": "2025-11-19",
    "cover_url": "https://image.aladin.co.kr/product/37795/66/cover200/k442033798_1.jpg",
    "description": "치매는 기대수명 증가 시대에 가장 두려운 질병이지만 많은 이들이 작은 징조를 대수롭지 않게 넘긴다. 50년 넘게 신경퇴행질환을 연구한 세계적 권위자 데일 브레드슨은 뉴욕타임스·아마존 베스트셀러 《늙지 않는 뇌》에서 “나이가 들어 인지 능력이 떨어진다”는 통념을 최신 연구로 반박하며 알츠하이머병은 발병 전 예방이 가능하고 진행된 후에도 회복할 수 있다고 설명한다."
  }
},
{
  "model": "klub_talk.book",
  "pk": 14,
  "fields": {
    "aladin_id": "25843736",
    "title": "모순 - 개정판",
    "author_id": 14,
    "publisher": "쓰다",
    "category_id": 1,
    "pub_date": "2013-04-01",
    "cover_url": "https://image.aladin.co.kr/product/2584/37/cover200/8998441012_3.jpg",
    "description": "작가 양귀자가 1998년 펴낸 세 번째 장편소설로, 책이 나온 지 한 달 만에 무서운 속도로 베스트셀러 1위에 진입, 출판계를 놀라게 하고 그해 최고의 베스트셀러로 자리 잡으면서 ‘양귀자 소설의 힘’을 다시 한 번 유감없이 보여준 소설이다."
  }
},
{
  "model": "klub_talk.book",
  "pk": 15,
  "fields": {
    "aladin_id": "359025448",
    "title": "위버멘쉬 - 누구의 시선도 아닌, 내 의지대로 살겠다는 선언",
    "author_id": 15,
    "publisher": "RISE(떠오름)",
    "category_id": 2,
    "pub_date": "2025-03-14",
    "cover_url": "https://image.aladin.co.kr/product/35902/54/cover200/k962037084_2.jpg",
    "description": "니체가 주장한 ‘초인(&#220;bermensch)’의 철학을 현대적으로 풀어낸 책이다. 위버멘쉬란 기존의 도덕과 사회적 관습을 그대로 따르는 대신, 자신의 의지로 새로운 가치를 창조하며 스스로의 삶을 개척하는 존재를 의미한다."
  }
},
{
  "model": "klub_talk.book",
  "pk": 16,
  "fields": {
    "aladin_id": "377012403",
    "title": "디어 제인 오스틴 - 젊은 소설가의 초상",
    "author_id": 16,
    "publisher": "엘리",
    "category_id": 6,
    "pub_date": "2025-12-16",
    "cover_url": "https://image.aladin.co.kr/product/37701/24/cover200/k512034983_2.jpg",
    "description": "우리가 궁금해하는 제인 오스틴의 모든 것이 담긴 백과사전적 에세이, 김선형의 『디어 제인 오스틴: 젊은 소설가의 초상』이 엘리에서 출간되었다. 이 책에서 저자는 제인 오스틴에 대한 애정을 평생 품어온 ‘덕후’로서 제인 오스틴이라는 ‘인간’의 일상과 꿈을 속살속살 들려주는 한편, 오스틴 작품 읽기에 깊이와 재미를 더하는 소설의 결정적 장면들과 이야기에 숨겨진 실제 일화들을 다채롭게 펼쳐 보여준다."
  }
},
{
  "model": "klub_talk.book",
  "pk": 17,
  "fields": {
    "aladin_id": "377011876",
    "title": "오만과 편견",
    "author_id": 17,
    "publisher": "엘리",
    "category_id": 1,
    "pub_date": "2025-12-16",
    "cover_url": "https://image.aladin.co.kr/product/37701/18/cover200/k372034983_2.jpg",
    "description": "2025년 12월 16일, 제인 오스틴 탄생 250주년을 맞아 &lt;디어 제인 오스틴 에디션&gt;이 엘리에서 출간된다. 김선형 번역가가 제인 오스틴에 대한 평생의 애정을 담아 여러 번 다시 읽고 분석하고 조사하고 해석해 선보이는 눈부신 결실이다."
  }
},
{
  "model": "klub_talk.book",
  "pk": 18,
  "fields": {
    "aladin_id": "380139968",
    "title": "소설 보다 : 겨울 2025",
    "author_id": 18,
    "publisher": "문학과지성사",
    "category_id": 1,
    "pub_date": "2025-12-10",
    "cover_url": "https://image.aladin.co.kr/product/38013/99/cover200/8932044937_1.jpg",
    "description": "2025년 겨울 ‘이 계절의 소설’ 선정작인 박민경의 「별개의 문제」, 서장원의 「뱀이 있는 곳」, 하가람의 「5월은 창가의 호랑이」 총 세 편과 작가 인터뷰가 실렸다. 해당 작품은 제15회 문지문학상 후보에 포함된다. 선정위원(강동호, 소유정, 이소, 이희우, 조연정, 홍성희)의 자유로운 토론을 거쳐 선정한 작품들의 심사평은 문학과지성사 웹사이트에서 확인할 수 있다."
  }
},
{
  "model": "klub_talk.book",
  "pk": 19,
  "fields": {
    "aladin_id": "377012223",
    "title": "이성과 감성",
    "author_id": 17,
    "publisher": "엘리",
    "category_id": 1,
    "pub_date": "2025-12-16",
    "cover_url": "https://image.aladin.co.kr/product/37701/22/cover200/k402034983_2.jpg",
    "description": "2025년 12월 16일, 제인 오스틴 탄생 250주년을 맞아 제인 오스틴의 첫 번째 장편소설 『이성과 감성』이 새로운 번역으로 출간된다. 이 작품은 제인 오스틴의 천재성을 처음 선보이며 『오만과 편견』과 함께 오늘날까지 전 세계 독자들의 사랑을 받는 명실상부 대표작으로, 이번 새 번역본은 김선형 번역가가 제인 오스틴에 대한 평생의 애정을 담아 여러 번 다시 읽고 분석하고 조사하고 해석해 선보이는 눈부신 결실이다."
  }
},
{
  "model": "klub_talk.book",
  "pk": 20,
  "fields": {
    "aladin_id": "377106135",
    "title": "기차의 꿈",
    "author_id": 19,
    "publisher": "다산책방",
    "category_id": 1,
    "pub_date": "2025-12-10",
    "cover_url": "https://image.aladin.co.kr/product/37710/61/cover200/k402033169_3.jpg",
    "description": "1917년 여름, 한순간의 산불로 사랑하는 모든 것을 잃어버린 한 사람을 조명한다. 그는 문명과 사회에서 떨어진 채 홀로 살아간다. 세상은 빠르게 변하지만, 그의 삶은 천천히 흐른다. 거기에는 특별한 사건도, 극적인 구원도 없다. 단 한 줄의 허세도 없이, 생의 숭고함을 그린 조용한 걸작이다."
  }
},
{
  "model": "klub_talk.book",
  "pk": 21,
  "fields": {
    "aladin_id": "380791340",
    "title": "울어봐, 빌어도 좋고 1~5 세트 - 전5권",
    "author_id": 20,
    "publisher": "폴라북스(현대문학)",
    "category_id": 1,
    "pub_date": "2025-12-25",
    "cover_url": "https://image.aladin.co.kr/product/38079/13/cover200/k572034088_1.jpg",
    "description": "모든 것을 가졌지만 사랑 하나만은 몰랐던 오만한 남자, 마티어스 폰 헤르하르트. 그리고 오직 사랑 하나만이 필요했던 상처받은 여자, 레일라 르웰린. 비틀리고 어그러져도, 서툴러도, 애써 외면했어도, 먼 길을 돌아 결국은 함께하게 된 두 사람의 새로운 이야기가 펼쳐진다."
  }
},
{
  "model": "klub_talk.book",
  "pk": 22,
  "fields": {
    "aladin_id": "376339551",
    "title": "해석에 반하여",
    "author_id": 21,
    "publisher": "윌북",
    "category_id": 2,
    "pub_date": "2025-12-25",
    "cover_url": "https://image.aladin.co.kr/product/37633/95/cover200/k962032248_2.jpg",
    "description": "손택의 대표작이자 첫 번째 에세이집인 『해석에 반하여』는 예술과 세계를 바라보는 완전히 새로운 관점을 제시한 현대 비평의 혁명적 고전이다. 출간 당시 서른세 살이던 수전 손택은 이 책으로 20세기 지성계를 뒤흔들며 등장해 ‘뉴욕 지성계의 아이콘’, ‘새로운 감수성의 사제’로 자리매김했다."
  }
},
{
  "model": "klub_talk.book",
  "pk": 23,
  "fields": {
    "aladin_id": "378047231",
    "title": "탁! 깨달음의 대화 - 탁! 한마디로 마음이 열린다",
    "author_id": 22,
    "publisher": "정토출판",
    "category_id": 6,
    "pub_date": "2025-11-20",
    "cover_url": "https://image.aladin.co.kr/product/37804/72/cover200/k292033395_1.jpg",
    "description": "어떤 질문이든 가장 짧고 정확한 답을 들려주는 법륜 스님의 즉문즉설. 그 수많은 대화 중에서도 마음의 핵심을 찌르는 문장들을 모아 선문답 형식으로 더 간결하게, 더 명료하게 재구성한 책이 나왔다."
  }
},
{
  "model": "klub_talk.book",
  "pk": 24,
  "fields": {
    "aladin_id": "380796507",
    "title": "남극",
    "author_id": 23,
    "publisher": "다산책방",
    "category_id": 1,
    "pub_date": "2025-12-17",
    "cover_url": "https://image.aladin.co.kr/product/38079/65/cover200/k752034089_1.jpg",
    "description": "『이처럼 사소한 것들』, 『맡겨진 소녀』의 작가 클레어 키건의 데뷔작이 다산책방에서 출간되었다. 국내에 다섯 번째로 소개하는 클레어 키건의 작품인 『남극』은 젊은 시절의 작가가 1999년에 처음 선보인 소설이다. 이 작품은 루니 아일랜드 문학상과 윌리엄 트레버상 등 4개의 문학상을 휩쓸며 아일랜드 문학계에 사건을 일으켰다. 이로써 다산책방은 키건이 지금까지 27년을 활동하는 동안 펴낸 모든 소설의 한국어판을 완간하였다."
  }
},
{
  "model": "klub_talk.book",
  "pk": 25,
  "fields": {
    "aladin_id": "307692409",
    "title": "급류",
    "author_id": 24,
    "publisher": "민음사",
    "category_id": 1,
    "pub_date": "2022-12-22",
    "cover_url": "https://image.aladin.co.kr/product/30769/24/cover200/8937473402_1.jpg",
    "description": "2020년 《한경신춘문예》에 장편소설 &lt;GV 빌런 고태경&gt;이 당선되어 작품 활동을 시작한 소설가 정대건의 두 번째 장편소설 &lt;급류&gt;가 오늘의 젊은 작가 시리즈 40번으로 출간되었다. &lt;급류&gt;는 저수지와 계곡이 유명한 지방도시 ‘진평’을 배경으로, 열일곱 살 동갑내기인 ‘도담’과 ‘해솔’의 만남과 사랑을 그린 소설이다."
  }
},
{
  "model": "klub_talk.book",
  "pk": 26,
  "fields": {
    "aladin_id": "380287752",
    "title": "같이, 한 컷 - 한동훈과 일상의 한컷을 나누다",
    "author_id": 25,
    "publisher": "함께미래로",
    "category_id": 4,
    "pub_date": "2025-12-18",
    "cover_url": "https://image.aladin.co.kr/product/38028/77/cover200/k242034887_1.jpg",
    "description": "한 컷은 한동훈과 동료 시민들의 아주 보통의 하루 속 한 장면을 나누는 곳이다. 내신, 수능을 준비하는 학생들부터, 치솟는 부동산 가격에 고통받는 중산층 시민들. 정치의 관심에서 소외된 블루칼라 청년들, 점점 길어지는 통근 시간에 지쳐가는 생활인들, 어려워진 경제 상황에 직격탄을 맞은 자영업자들, 세상 걱정에 잠 못 이루시는 어르신들까지 다양한 동료 시민들의 각양각색 하루 한컷이 여기 모인다."
  }
},
{
  "model": "klub_talk.book",
  "pk": 27,
  "fields": {
    "aladin_id": "368083714",
    "title": "자몽살구클럽",
    "author_id": 26,
    "publisher": "어센틱",
    "category_id": 1,
    "pub_date": "2025-07-25",
    "cover_url": "https://image.aladin.co.kr/product/36808/37/cover200/k082030009_1.jpg",
    "description": "싱어송라이터 한로로가 발매할 세 번째 EP 음악 앨범과 연결된 동명의 소설이다. 죽고 싶은 네명의 아이들이 비밀 클럽 '자몽살구클럽'에서 만나 서로를 살리기로 한다. 각자의 모진 삶을 견디기 힘들어 모인 '소하', '태수', '유민', '보현'의 에피소드는 생존이라는 목표 아래 처절하게 전개된다."
  }
},
{
  "model": "klub_talk.book",
  "pk": 28,
  "fields": {
    "aladin_id": "377942402",
    "title": "죽은 왕녀를 위한 파반느 (양장 특별판)",
    "author_id": 27,
    "publisher": "위즈덤하우스",
    "category_id": 1,
    "pub_date": "2025-11-19",
    "cover_url": "https://image.aladin.co.kr/product/37794/24/cover200/k002033083_1.jpg",
    "description": "2008년 온라인 연재 당시부터 17년간 스테디셀러로 자리 잡은 『죽은 왕녀를 위한 파반느』가 영화 개봉을 앞두고 다시 새롭게 주목받고 있다. 새로운 장정으로 선보이는 개정판에는 소설 속 ‘나’와 ‘그녀’, 요한의 17년 후 이야기를 더해 독자들에게 한층 확장된 감동을 전한다."
  }
},
{
  "model": "klub_talk.book",
  "pk": 29,
  "fields": {
    "aladin_id": "350636272",
    "title": "어른의 행복은 조용하다",
    "author_id": 28,
    "publisher": "페이지2(page2)",
    "category_id": 6,
    "pub_date": "2024-11-04",
    "cover_url": "https://image.aladin.co.kr/product/35063/62/cover200/k532934196_2.jpg",
    "description": "요란한 세상에서도 흔들리지 않고 내 삶을 사는 현명한 행복에 관하여. 행복을 찾는 방법이 아니라 불행에 대한 수비력을 길러주는 58가지 인생 이야기를 담은 책이다."
  }
},
{
  "model": "klub_talk.book",
  "pk": 30,
  "fields": {
    "aladin_id": "372980631",
    "title": "손자병법 - 이겨놓고 싸우는 인생의 지혜",
    "author_id": 29,
    "publisher": "현대지성",
    "category_id": 2,
    "pub_date": "2025-10-14",
    "cover_url": "https://image.aladin.co.kr/product/37298/6/cover200/k292031545_1.jpg",
    "description": "『손자병법』은 왜 2,500년 동안 고전의 자리를 지켜왔을까? 그 이유는 단순하다. 이 책이 말하는 승리의 본질은 단순히 “어떻게 이길 것인가”가 아니라 “어떻게 위태롭지 않게 살 것인가”이기 때문이다. 싸워서 이길 수도 있고 질 수도 있지만, 지더라도 위태로워지지 않는 상태, 다시 탈탈 털고 일어설 수 있는 수천 년의 검증을 견뎌낸 지혜를 전하기 때문이다."
  }
},
{
  "model": "klub_talk.book",
  "pk": 31,
  "fields": {
    "aladin_id": "362755853",
    "title": "첫 여름, 완주",
    "author_id": 30,
    "publisher": "무제",
    "category_id": 1,
    "pub_date": "2025-05-08",
    "cover_url": "https://image.aladin.co.kr/product/36275/58/cover200/k692038832_3.jpg",
    "description": "세심한 온정의 세계를 빚어내는 우리 시대의 작가 김금희의 장편소설. 돈을 갚지 않고 사라진 선배 고수미의 고향 완주 마을을 찾은 성우 손열매는 그곳에서 합동 장의사 겸 매점을 운영하는 수미 어머니의 집에 머물게 된다. 오갈 데 없는 처지에 목소리에까지 이상이 생긴 열매는 수미 어머니의 매점을 지키며 각양각색의 동네 사람들을 만난다."
  }
},
{
  "model": "klub_talk.book",
  "pk": 32,
  "fields": {
    "aladin_id": "377154795",
    "title": "비밀 속의 비밀 1",
    "author_id": 31,
    "publisher": "문학수첩",
    "category_id": 1,
    "pub_date": "2025-11-27",
    "cover_url": "https://image.aladin.co.kr/product/37715/47/cover200/k212033164_1.jpg",
    "description": "‘지적 스릴러의 거장’이라 불리는 세계적 베스트셀러 작가 댄 브라운이 8년 만에 내놓는 최고의 복귀작. 과학, 종교, 예술 분야의 전문적인 주제를 대중적인 눈높이에서 박진감 넘치고 흥미로운 스토리로 접목시키는 댄 브라운만의 매력은 《비밀 속의 비밀》에서도 유감없이 발휘된다."
  }
},
{
  "model": "klub_talk.book",
  "pk": 33,
  "fields": {
    "aladin_id": "379969828",
    "title": "신에 관하여 - 시몬 베유와의 대화",
    "author_id": 32,
    "publisher": "김영사",
    "category_id": 2,
    "pub_date": "2025-12-15",
    "cover_url": "https://image.aladin.co.kr/product/37996/98/cover200/k882034785_1.jpg",
    "description": "재독 철학자 한병철이 20세기 최고의 천재 중 한 명으로 꼽히는 시몬 베유의 통찰력 넘치는 사유의 세계로 우리를 안내한다. 시몬 베유에게 매료되고 ‘영혼의 우정’을 느끼게 된 그는 베유의 주요 텍스트를 오늘의 상황 속에서 다시 읽어낸다."
  }
},
{
  "model": "klub_talk.book",
  "pk": 34,
  "fields": {
    "aladin_id": "40869703",
    "title": "소년이 온다 - 2024 노벨문학상 수상작가",
    "author_id": 33,
    "publisher": "창비",
    "category_id": 1,
    "pub_date": "2014-05-19",
    "cover_url": "https://image.aladin.co.kr/product/4086/97/cover200/8936434128_2.jpg",
    "description": "섬세한 감수성과 치밀한 문장으로 인간 존재의 본질을 탐구해온 작가 한강의 여섯번째 장편소설. '상처의 구조에 대한 투시와 천착의 서사'를 통해 한강만이 풀어낼 수 있는 방식으로 1980년 5월을 새롭게 조명한다."
  }
},
{
  "model": "klub_talk.book",
  "pk": 35,
  "fields": {
    "aladin_id": "377156316",
    "title": "비밀 속의 비밀 2",
    "author_id": 31,
    "publisher": "문학수첩",
    "category_id": 1,
    "pub_date": "2025-12-05",
    "cover_url": "https://image.aladin.co.kr/product/37715/63/cover200/k562033164_1.jpg",
    "description": "‘지적 스릴러의 거장’이라 불리는 세계적 베스트셀러 작가 댄 브라운이 8년 만에 내놓는 최고의 복귀작. 과학, 종교, 예술 분야의 전문적인 주제를 대중적인 눈높이에서 박진감 넘치고 흥미로운 스토리로 접목시키는 댄 브라운만의 매력은 《비밀 속의 비밀》에서도 유감없이 발휘된다."
  }
},
{
  "model": "sites.site",
  "fields": {
    "domain": "example.com",
    "name": "example.com"
  }
}
]
